{"cameraMode":{"drawMode":0,"name":"Shaded","section":"Shading Mode"},"sceneLighting":true,"audioPlay":false,"sceneViewState":{"showFog":true,"showMaterialUpdate":true,"showSkybox":true,"showFlares":true,"showImageEffects":true,"showParticleSystems":true},"in2DMode":false,"pivot":{"x":64.03530883789063,"y":37.83375549316406,"z":-5.99995231628418},"rotation":{"x":-0.5135926008224487,"y":0.04808111488819122,"z":-0.028841622173786165,"w":-0.8562016487121582},"size":66.49041748046875,"orthographic":false}